english, england, cristo, john, dale, elizabeth, james, christmas, ann, tom, george, frank, charles, cynthia, deronda, david, pierre, porthos, leo, meg, francs, eames, finn, barchester, rachel, dan, nikolay, smith, van, mitya, alexey, bob, crosbie, napoleon, bella, mazarin, rosa, italy, france, germany, french, austria, viena, ahab, kitty, ardan, cyrus, dorrit, paganel, wholly, nekhludoff, marguerite, melmotte, pecksniff, alyosha, sam, richard, fro, ivanovna, stepan, professor, jim, russian, colonel, harry, barbicane, rob, earl, pyotr, boffin, france, bishop, whale, archdeacon, andrew, york, natásha, dolly, oliver, fouquet, nicholas, martin, bill, william, russia, ayrton, marie, dorian, italian, colbert, amy, ere, ivan, grace, jack, joe, shakespeare, herbert, kate, europe, america, american, hitherto, henry, dorian, london, madam, dr, em, ma, ve, london, la, mademoiselle, madamde, mr, miss, mrs, ms, ye, iii, ii, v, ii, ha, jo, le, iv, en, san, ll, monseigneur, petra, eva, huston, maya, sam, emme, claudius, wane, shirzau, mich, goedde, shuriken, rabastan, scotti, terri, theodr, cedri, krum, randolph, franni, dion, tabitha, anderson, hyundai, steinbeck, winchseter, brangelina, dean, liam, zayn, viktor, niall, yuuri, derek, castiel, john, harry, remus, stile, loui, sirius, harri, ani, yuri, steve, snape, sherlock, michael, darco, jackson, toni, dick, severus, scott, cas, malfoy, yunho, kate, bucki, carri, tom, silver, alex, sara, sammy, varaad, kira, ron, oikawa, louis, hunter, jean, hermion, alon, jim, yuu, voldemort, peter, albus, jensen, guang, lucif, scorpius, sarah, lisa, stiles, victor, draco, tony, isaac, chris, phichit, tommy, edric, adam, kurogane, otabek, hiroki, molly, lydia, phichit, leo, otabek, hong, bucky, tim, jared, luke, mika, rodney, nowaki, negan, allison, don, changmin, potter, winchester, hermione, allison, lucifer, grace, professor, james, quidditch, frank, york, england, george, jane, anne, david, bill, thomas, william, henry, mary, alastair, massachusetts, america, american, london, england, france, french, english, zachariah, yuuri, yelp, kimishita, remus, hyojong, shinwon, lily, re, charlie, king, angel, muggle, charle, merlin, moony, jame, luffy, robin, nami, rumil, vardamir, haldir, orophin, erestor, manwendil, troy, rykov, aragon, ruby, weasley, teddy, ren, yn, mightyena, volkner, ikebukuro, haruka, cathy, alexander, jesus, christ, christian, china, monsieur, peter, saint, kipps, rome, gentleman, prince, queen, princess, captain, graham, jane, sir, jolly, pope, louis, leonard, misha, dean, gil, tavro, zavran, ccg, dirk, greg, tavro, cha, alistair, dave, heero, kon, akihiko, shinjiro, glorfindel, fingon, celeborn, elrohir, elro, aura, allfather, genji, bethany, lillie, lia, clint, troll, zombie, alyce, ara, pete, kain, ethan, ruka, pirate, cartman, makishima, natsu, laxus, naruto, zevran, marcone, beleg, elrond, taylor, maggie, angela, cavern, selene, derse, nitram, ptc, kenny, kirie, gabriel, gabriel, daphne, tadokoro, sebastian, doc, dresden, wynn, sophia, uma, sakura, sasuke, kuromaru, elaine, jutsu, kunai, kakashi, victoria, hero, legola, lindir, shinji, eric, et, dragon, ikkuu, oi, hidan, nana, chakra, dattebayo, ami, warden, benji, stein, jareth, ed, sidon, jare, astoria, volga, konoha, vial, iwa, boromir, exhal, khrono, rame, erica, jen, vicki, scalpel, goblin, labyrinth, jeff, gimli, chicago, fellowship, ino, ellie, boyd, katniss, dorian, adaar, ghoul, anissa, dorrek, tsukiyama, katniss, zach, kandra, liz, valiant, kareen, jax, bubba, theo, ginny

